name;frameTime;F0semitoneFrom27.5Hz_sma3nz_amean;F0semitoneFrom27.5Hz_sma3nz_stddevNorm;F0semitoneFrom27.5Hz_sma3nz_percentile20.0;F0semitoneFrom27.5Hz_sma3nz_percentile50.0;F0semitoneFrom27.5Hz_sma3nz_percentile80.0;F0semitoneFrom27.5Hz_sma3nz_pctlrange0-2;F0semitoneFrom27.5Hz_sma3nz_meanRisingSlope;F0semitoneFrom27.5Hz_sma3nz_stddevRisingSlope;F0semitoneFrom27.5Hz_sma3nz_meanFallingSlope;F0semitoneFrom27.5Hz_sma3nz_stddevFallingSlope;loudness_sma3_amean;loudness_sma3_stddevNorm;loudness_sma3_percentile20.0;loudness_sma3_percentile50.0;loudness_sma3_percentile80.0;loudness_sma3_pctlrange0-2;loudness_sma3_meanRisingSlope;loudness_sma3_stddevRisingSlope;loudness_sma3_meanFallingSlope;loudness_sma3_stddevFallingSlope;spectralFlux_sma3_amean;spectralFlux_sma3_stddevNorm;mfcc1_sma3_amean;mfcc1_sma3_stddevNorm;mfcc2_sma3_amean;mfcc2_sma3_stddevNorm;mfcc3_sma3_amean;mfcc3_sma3_stddevNorm;mfcc4_sma3_amean;mfcc4_sma3_stddevNorm;jitterLocal_sma3nz_amean;jitterLocal_sma3nz_stddevNorm;shimmerLocaldB_sma3nz_amean;shimmerLocaldB_sma3nz_stddevNorm;HNRdBACF_sma3nz_amean;HNRdBACF_sma3nz_stddevNorm;logRelF0-H1-H2_sma3nz_amean;logRelF0-H1-H2_sma3nz_stddevNorm;logRelF0-H1-A3_sma3nz_amean;logRelF0-H1-A3_sma3nz_stddevNorm;F1frequency_sma3nz_amean;F1frequency_sma3nz_stddevNorm;F1bandwidth_sma3nz_amean;F1bandwidth_sma3nz_stddevNorm;F1amplitudeLogRelF0_sma3nz_amean;F1amplitudeLogRelF0_sma3nz_stddevNorm;F2frequency_sma3nz_amean;F2frequency_sma3nz_stddevNorm;F2bandwidth_sma3nz_amean;F2bandwidth_sma3nz_stddevNorm;F2amplitudeLogRelF0_sma3nz_amean;F2amplitudeLogRelF0_sma3nz_stddevNorm;F3frequency_sma3nz_amean;F3frequency_sma3nz_stddevNorm;F3bandwidth_sma3nz_amean;F3bandwidth_sma3nz_stddevNorm;F3amplitudeLogRelF0_sma3nz_amean;F3amplitudeLogRelF0_sma3nz_stddevNorm;alphaRatioV_sma3nz_amean;alphaRatioV_sma3nz_stddevNorm;hammarbergIndexV_sma3nz_amean;hammarbergIndexV_sma3nz_stddevNorm;slopeV0-500_sma3nz_amean;slopeV0-500_sma3nz_stddevNorm;slopeV500-1500_sma3nz_amean;slopeV500-1500_sma3nz_stddevNorm;spectralFluxV_sma3nz_amean;spectralFluxV_sma3nz_stddevNorm;mfcc1V_sma3nz_amean;mfcc1V_sma3nz_stddevNorm;mfcc2V_sma3nz_amean;mfcc2V_sma3nz_stddevNorm;mfcc3V_sma3nz_amean;mfcc3V_sma3nz_stddevNorm;mfcc4V_sma3nz_amean;mfcc4V_sma3nz_stddevNorm;alphaRatioUV_sma3nz_amean;hammarbergIndexUV_sma3nz_amean;slopeUV0-500_sma3nz_amean;slopeUV500-1500_sma3nz_amean;spectralFluxUV_sma3nz_amean;loudnessPeaksPerSec;VoicedSegmentsPerSec;MeanVoicedSegmentLengthSec;StddevVoicedSegmentLengthSec;MeanUnvoicedSegmentLength;StddevUnvoicedSegmentLength;equivalentSoundLevel_dBp
'03a05Wa';0.000000;2.948483e+001;1.141311e-003;2.945122e+001;2.947585e+001;2.951948e+001;6.826210e-002;1.451683e-002;0;0;0;6.258476e-001;1.025312e+000;4.712088e-002;3.553326e-001;1.297605e+000;1.250484e+000;1.260709e+001;0;-2.178186e+001;0;3.432096e-001;1.139733e+000;9.578772e+000;1.137071e+000;-3.702872e+000;-3.783375e+000;3.963869e+000;1.852029e+000;3.220965e+000;1.791796e+000;3.681656e-002;0;3.984606e+000;3.695413e-001;6.984216e-001;2.606408e+000;3.184189e+000;1.036614e+000;4.465862e+000;8.550683e-001;4.451396e+002;6.566328e-002;1.473368e+003;8.853062e-002;-1.410851e+002;-5.765519e-001;1.513470e+003;1.973327e-002;1.146682e+003;9.308700e-002;-1.392075e+002;-6.040226e-001;2.413990e+003;5.146028e-002;1.517573e+003;2.854841e-001;-1.417111e+002;-5.703592e-001;-3.144341e+000;-8.112183e-001;1.338783e+001;1.848984e-001;4.344681e-002;2.548088e-001;-9.946658e-003;-9.992659e-001;7.467158e-001;5.202087e-001;2.040724e+001;4.743811e-001;-1.473639e+001;-1.073682e+000;4.870776e+000;8.988870e-001;-1.147103e+000;-1.528657e+000;-4.643992e+000;1.571097e+001;-1.170871e-002;1.702739e-002;1.959332e-001;5;5.000000e+000;5.000000e-002;0;6.000000e-002;2.000000e-002;-2.486642e+001
'03a05Wa';0.100000;4.187074e+001;3.319784e-001;2.947855e+001;2.953684e+001;5.717390e+001;2.769534e+001;6.098045e+002;0;-1.733095e+002;0;1.062088e+000;3.688597e-001;6.731721e-001;1.007827e+000;1.365064e+000;6.918922e-001;2.046194e+001;8.242723e+000;1.767002e+001;0;4.886424e-001;6.016660e-001;-5.317716e+000;-4.781185e+000;-1.012065e+001;-9.364163e-001;-3.609942e+000;-1.904198e+000;-2.106982e+000;-5.335425e+000;4.178319e-002;1.647346e-001;3.180135e+000;4.201807e-001;-2.869816e+000;-1.670426e+000;-2.127955e+000;-3.540933e+000;-3.467421e+000;-2.436525e+000;6.959758e+002;4.209634e-001;1.292778e+003;2.060454e-001;-1.330568e+002;-6.202059e-001;1.706925e+003;1.281669e-001;1.362764e+003;2.715842e-001;-1.070681e+002;-8.284684e-001;2.506269e+003;6.505496e-002;1.347284e+003;3.168566e-001;-1.082488e+002;-8.087723e-001;9.183237e+000;1.555958e+000;9.128117e-001;1.635798e+001;4.268568e-002;2.461105e-001;2.138891e-003;8.242567e+000;6.538370e-001;5.018612e-001;-2.153951e+000;-1.376305e+001;-1.206213e+001;-1.076972e+000;1.360556e+000;3.016561e+000;-7.252487e+000;-9.546283e-001;7.972916e+000;1.310603e+000;1.817952e-002;9.053440e-003;3.614708e-001;5;1.000000e+001;3.500000e-002;5.000000e-003;8.000000e-002;0;-2.362159e+001
'03a05Wa';0.200000;4.198180e+001;3.288127e-001;2.955951e+001;3.023072e+001;5.717390e+001;2.761438e+001;0;0;-3.414326e+000;0;8.738804e-001;4.063407e-001;5.828168e-001;8.339506e-001;1.194110e+000;6.112927e-001;2.610681e+001;1.198805e+001;1.291347e+001;0;3.641482e-001;7.274063e-001;-1.539180e+001;-1.471210e+000;-2.440126e+000;-4.300738e+000;-2.729709e+000;-3.126451e+000;-7.551028e+000;-1.584229e+000;3.919388e-002;3.072092e-001;2.696358e+000;3.128098e-001;-4.614614e+000;-7.664067e-001;-1.170764e+000;-6.908684e+000;2.645189e-001;4.347949e+001;8.780963e+002;2.504332e-001;1.123345e+003;1.135534e-001;-1.314644e+002;-6.400875e-001;1.800259e+003;1.612511e-001;1.587202e+003;2.912868e-001;-1.087208e+002;-8.072861e-001;2.617853e+003;7.074464e-002;8.863455e+002;1.192331e-001;-1.097836e+002;-7.847395e-001;5.293962e+000;3.438625e+000;5.605929e+000;3.467647e+000;2.206411e-002;1.102509e+000;3.362613e-003;5.263295e+000;4.647745e-001;7.418407e-001;-3.938648e+000;-7.084323e+000;4.047231e+000;3.046394e+000;-1.597901e+000;-5.157922e+000;-8.171299e+000;-1.657452e+000;1.523531e+001;-5.321339e+000;2.378651e-002;2.068917e-002;2.772903e-001;5;1.000000e+001;3.500000e-002;5.000000e-003;4.500000e-002;1.500000e-002;-2.521552e+001
'03a05Wa';0.300000;2.949763e+001;1.507103e-002;2.909129e+001;2.934241e+001;2.991598e+001;8.246918e-001;0;0;-1.810139e-001;0;9.004202e-001;4.903224e-001;4.652433e-001;8.766787e-001;1.293890e+000;8.286467e-001;3.387254e+001;0;-7.756834e-001;1.088545e+001;5.094972e-001;6.856332e-001;2.605447e+000;7.373414e+000;-5.123982e+000;-2.354671e+000;-1.249733e+000;-1.435244e+001;-4.366683e+000;-3.297627e+000;2.170936e-002;9.672403e-002;3.221100e+000;3.070965e-001;-1.052213e+000;-2.154494e+000;5.567800e+000;2.536454e-001;9.476742e+000;2.672515e-001;6.679343e+002;3.753783e-001;1.256859e+003;7.600699e-002;-1.304086e+002;-6.625279e-001;1.588479e+003;2.064902e-001;1.459317e+003;3.042368e-001;-1.293139e+002;-6.819754e-001;2.541612e+003;8.645795e-002;1.011236e+003;3.232570e-001;-1.335322e+002;-6.202984e-001;-7.546998e+000;-9.167127e-001;2.062147e+001;2.602885e-001;1.371498e-002;1.656608e+000;-7.491187e-003;-1.529550e+000;7.090269e-001;6.583594e-001;2.135887e+001;1.749603e-001;1.308120e+000;1.339000e+001;-6.172647e+000;-1.908781e+000;-8.985372e+000;-1.860240e+000;9.326015e+000;4.620283e+000;9.537924e-003;2.638499e-002;4.059173e-001;5;5.000000e+000;6.000000e-002;0;5.500000e-002;1.500000e-002;-2.314246e+001
'03a05Wa';0.400000;3.456567e+001;1.139624e-001;2.906098e+001;3.702405e+001;3.762505e+001;8.564062e+000;4.317657e+002;0;-3.215141e+001;0;8.429787e-001;5.321253e-001;3.773433e-001;8.579789e-001;1.269758e+000;8.924148e-001;1.286108e+001;0;1.518531e+001;0;4.137420e-001;8.446323e-001;-6.085264e+000;-2.894078e+000;-4.728907e+000;-2.007183e+000;-1.166296e+000;-1.610327e+001;9.507097e-001;1.279976e+001;3.420586e-002;3.264897e-001;3.489343e+000;2.836348e-001;3.745441e+000;5.431477e-001;1.199703e+001;4.262592e-001;1.890583e+001;4.123932e-001;8.135340e+002;3.589490e-001;1.212134e+003;1.501384e-001;-1.435007e+002;-5.464310e-001;1.743235e+003;1.665515e-001;1.205405e+003;9.667095e-002;-1.423929e+002;-5.571001e-001;2.638269e+003;6.720225e-002;1.092734e+003;2.856506e-001;-1.455488e+002;-5.152215e-001;2.231568e+000;3.486338e+000;6.519001e+000;1.493372e+000;3.278566e-002;4.959457e-001;2.082611e-003;4.861824e+000;7.020829e-001;5.237318e-001;-1.463865e-001;-1.377311e+002;9.749534e-001;1.500791e+001;-5.421692e+000;-1.779283e+000;-8.248518e+000;-1.419214e+000;8.073170e+000;4.118529e+000;8.964787e-003;2.777841e-002;2.943287e-001;0;5.000000e+000;3.000000e-002;0;1.300000e-001;0;-2.401361e+001
'03a05Wa';0.500000;3.686696e+001;2.028337e-002;3.609555e+001;3.702405e+001;3.762505e+001;1.529491e+000;0;0;-3.265871e-001;0;6.405321e-001;8.025832e-001;1.071140e-001;5.831442e-001;1.167146e+000;1.060032e+000;1.299548e+001;0;-1.924118e+001;0;3.984974e-001;1.064198e+000;4.377295e+000;5.856235e+000;4.037654e+000;3.051088e+000;6.003295e+000;1.644709e+000;5.284230e+000;1.689588e+000;4.240660e-002;8.259673e-002;2.696330e+000;4.605298e-001;4.248046e+000;3.213876e-001;1.313960e+001;2.769790e-001;2.344195e+001;9.155124e-002;8.707864e+002;2.504407e-001;1.256229e+003;1.780391e-001;-1.428368e+002;-5.557455e-001;1.814799e+003;1.070122e-001;1.182864e+003;1.092626e-001;-1.449192e+002;-5.246935e-001;2.657077e+003;5.716455e-002;9.059082e+002;1.061143e-001;-1.463296e+002;-5.054581e-001;-1.431369e+000;-7.206679e+000;8.078841e+000;1.400883e+000;5.935949e-002;5.621132e-001;-3.625883e-003;-3.868164e+000;6.553662e-001;4.795466e-001;-1.371734e-001;-1.472321e+002;3.987685e+000;2.658257e+000;1.382639e+000;3.153658e+000;-4.442173e+000;-1.523277e+000;-6.072267e+000;1.664637e+001;1.268321e-002;1.357590e-002;2.856903e-001;5;5.000000e+000;5.000000e-002;0;6.000000e-002;1.000000e-002;-2.367841e+001
'03a05Wa';0.600000;3.133502e+001;7.469821e-002;2.972151e+001;3.042202e+001;3.193447e+001;2.212967e+000;0;0;-6.562895e-001;0;6.733210e-001;8.330370e-001;7.058626e-002;5.859351e-001;1.354924e+000;1.284338e+000;1.628535e+001;0;1.599438e+001;0;4.851963e-001;8.679171e-001;2.243100e+001;4.124224e-001;5.173897e+000;2.456357e+000;1.768099e+001;7.056805e-001;3.149920e+000;3.974210e+000;3.646125e-002;1.525792e-001;3.369792e+000;5.809561e-001;2.609317e+000;9.965392e-001;3.553768e+000;1.486028e+000;1.340092e+001;4.911715e-001;5.954967e+002;3.074382e-001;1.404707e+003;1.488672e-001;-1.074788e+002;-8.403978e-001;1.608487e+003;5.831561e-002;1.030412e+003;1.355483e-001;-1.047008e+002;-8.433644e-001;2.590163e+003;2.893111e-002;9.321591e+002;1.176297e-001;-1.053626e+002;-8.315095e-001;-9.664207e+000;-2.566273e-001;1.568598e+001;2.073132e-001;4.508318e-002;9.779688e-001;-9.923209e-003;-1.645805e+000;6.038835e-001;5.369155e-001;1.925894e+001;2.702814e-001;-2.195630e+000;-4.303683e+000;2.482645e+001;6.014538e-001;-2.893738e+000;-4.977606e+000;-1.885515e+001;3.153263e+001;4.249120e-003;4.457054e-003;3.618999e-001;0;5.000000e+000;7.000000e-002;0;9.000000e-002;0;-2.282944e+001
'03a05Wa';0.700000;3.002592e+001;1.753885e-002;2.958300e+001;2.975613e+001;3.056058e+001;9.775734e-001;6.128025e+000;0;1.823065e+001;0;7.224577e-001;7.484534e-001;1.541228e-001;6.648424e-001;1.275313e+000;1.121190e+000;1.758204e+001;0;-1.619147e+001;0;3.970935e-001;8.150892e-001;1.757954e+001;3.071976e-001;-3.035399e+000;-4.543897e+000;1.359801e+001;1.150417e+000;-2.687811e+000;-4.129284e+000;2.943468e-002;3.208819e-001;3.217614e+000;5.989588e-001;2.143916e+000;1.248224e+000;2.749544e+000;1.651667e+000;9.878448e+000;5.432945e-001;6.234666e+002;2.919897e-001;1.431198e+003;1.473521e-001;-9.712508e+001;-9.316106e-001;1.606855e+003;5.557794e-002;1.030218e+003;1.285129e-001;-9.331281e+001;-9.567237e-001;2.615250e+003;1.668577e-002;8.771182e+002;1.527133e-001;-9.507577e+001;-9.214830e-001;-7.089161e+000;-5.888768e-001;1.461382e+001;1.698585e-001;3.795045e-002;8.973544e-001;-6.492844e-003;-2.408132e+000;5.813125e-001;5.010272e-001;2.016162e+001;2.753199e-001;-7.787357e+000;-1.902138e+000;2.039111e+001;9.329755e-001;-4.355945e+000;-3.346785e+000;-9.453276e+000;1.876160e+001;1.253618e-005;6.865555e-003;1.758359e-001;5;5.000000e+000;9.999999e-002;0;6.000000e-002;0;-2.488869e+001
'03a05Wa';0.800000;3.039005e+001;4.386120e-002;2.953912e+001;2.964801e+001;3.183674e+001;2.297628e+000;8.187103e+001;0;-1.197717e+002;0;5.907462e-001;9.749723e-001;3.379674e-002;3.623548e-001;1.238474e+000;1.204677e+000;2.609307e+001;0;1.251724e+001;0;3.300183e-001;1.005297e+000;1.844761e+001;3.293533e-001;-8.137917e-001;-1.912161e+001;3.349089e+000;2.804939e+000;-3.385014e+000;-2.825364e+000;2.594442e-002;3.013080e-001;2.546928e+000;4.778008e-001;6.352556e-001;2.785013e+000;2.417551e+000;7.351565e-001;1.046043e+001;5.395388e-001;7.989303e+002;2.831289e-001;1.598294e+003;5.197117e-002;-1.311798e+002;-5.681885e-001;1.576169e+003;6.968036e-002;1.220084e+003;1.175898e-001;-1.316549e+002;-5.648584e-001;2.580718e+003;7.742924e-002;9.863550e+002;4.644725e-001;-1.352953e+002;-5.192139e-001;-5.973005e+000;-1.042146e+000;1.827940e+001;2.716379e-001;1.781469e-002;2.429602e+000;2.456279e-003;3.297390e+000;5.540836e-001;6.982194e-001;1.962908e+001;3.581015e-001;-1.182595e+001;-1.460425e+000;2.175210e-001;5.183762e+001;-5.482997e+000;-2.158150e+000;-1.324342e+001;2.384913e+001;-8.248999e-003;3.885675e-003;2.145747e-001;0;1.000000e+001;2.000000e-002;0;9.999999e-002;0;-2.569561e+001
'03a05Wa';0.900000;2.973544e+001;6.205329e-002;2.806522e+001;2.838843e+001;3.183674e+001;3.771524e+000;0;0;-5.815797e-001;0;5.946847e-001;1.029519e+000;3.094152e-002;3.046330e-001;1.287198e+000;1.256256e+000;1.652586e+001;0;-1.842471e+001;0;3.939263e-001;9.909245e-001;2.260029e+001;3.417323e-001;1.154700e+000;1.316108e+001;9.129735e-001;1.129519e+001;-1.465394e+000;-6.938458e+000;3.830570e-002;1.405978e-001;2.684070e+000;4.163413e-001;-2.138906e-001;-8.577759e+000;1.451276e+000;4.290454e-001;1.119173e+001;4.670798e-001;6.949951e+002;4.208709e-001;1.728664e+003;9.483446e-002;-1.309727e+002;-5.697668e-001;1.510698e+003;9.022434e-002;1.300772e+003;5.452270e-002;-1.313641e+002;-5.679786e-001;2.462325e+003;9.829193e-002;1.256419e+003;3.929687e-001;-1.349161e+002;-5.247687e-001;-5.532411e+000;-1.183523e+000;1.841755e+001;2.521573e-001;1.408090e-002;2.840092e+000;3.940179e-003;1.458654e+000;6.649408e-001;6.794996e-001;2.144799e+001;3.965922e-001;-1.068995e+001;-1.519765e+000;-3.183509e+000;-4.188773e+000;-5.725099e+000;-2.046308e+000;-1.708723e+001;2.977572e+001;-1.972047e-002;4.000428e-003;2.594874e-001;5;1.000000e+001;2.500000e-002;5.000000e-003;4.500000e-002;1.500000e-002;-2.418681e+001
'03a05Wa';1.000000;2.806164e+001;5.165825e-003;2.795321e+001;2.801723e+001;2.816120e+001;2.079906e-001;0;0;-1.155504e-001;0;5.854388e-001;9.001270e-001;3.787525e-002;5.816549e-001;9.432936e-001;9.054183e-001;2.204891e+001;0;3.285645e+000;8.349829e+000;3.501440e-001;9.897258e-001;8.449791e+000;2.635140e+000;-6.162233e-001;-2.282542e+001;8.257029e+000;1.547020e+000;-9.326421e-001;-1.159329e+001;4.270310e-002;5.036631e-008;1.893632e+000;9.228222e-002;-1.151628e+000;-6.309355e-001;1.759683e+000;2.964872e-001;7.785491e+000;2.131375e-001;4.574863e+002;4.726217e-002;1.865004e+003;7.176138e-002;-1.705364e+002;-3.864346e-001;1.419020e+003;1.659621e-002;1.255888e+003;2.525825e-002;-1.701579e+002;-3.928276e-001;2.323979e+003;4.586098e-002;1.367352e+003;2.981323e-001;-1.717075e+002;-3.702077e-001;-3.243306e-001;-7.744668e-001;1.509669e+001;1.148303e-002;4.824014e-002;4.022756e-002;6.876832e-004;1.393950e+000;1.044582e+000;6.201433e-002;2.918979e+001;5.157771e-002;-2.541025e+001;-6.431310e-002;-1.409523e+001;-1.045944e-001;-1.518594e+001;-9.341341e-002;-6.618276e+000;1.799944e+001;-1.808322e-002;1.504272e-002;2.346363e-001;5;5.000000e+000;2.000000e-002;0;1.600000e-001;0;-2.584193e+001
'03a05Wa';1.100000;3.155411e+001;4.239112e-002;3.064637e+001;3.093128e+001;3.231415e+001;1.667778e+000;1.030268e+002;0;1.301875e+001;0;4.547749e-001;5.018600e-001;3.679369e-001;4.257429e-001;6.077340e-001;2.397970e-001;9.120443e+000;6.017297e+000;5.551149e+000;0;1.519347e-001;6.768542e-001;-4.828070e+000;-3.453148e+000;1.455238e+001;1.016429e+000;3.485295e+001;5.132543e-001;-1.595502e+000;-5.979750e+000;6.310149e-002;8.250512e-001;1.610973e+000;5.231135e-001;7.332158e+000;2.575905e-001;1.540307e+001;1.753147e-001;1.573175e+001;1.803545e-001;4.992725e+002;2.205506e-001;1.329423e+003;9.429309e-002;-1.192496e+002;-7.292526e-001;1.739708e+003;5.353870e-002;6.290163e+002;3.888631e-001;-1.271364e+002;-6.104898e-001;2.727465e+003;4.169450e-002;9.375049e+002;9.494179e-002;-1.203288e+002;-7.067280e-001;-9.226944e+000;-7.214057e-001;1.479597e+001;4.547999e-001;-1.148686e-003;-5.882662e+000;1.155584e-003;8.993297e+000;1.127180e-001;4.505352e-001;4.154133e+000;2.071399e+000;2.876020e+001;1.236575e-001;5.451395e+001;6.828647e-002;-1.416565e+000;-2.369948e+000;1.427933e+000;8.900063e+000;-1.823348e-002;2.314234e-002;1.849819e-001;5;5.000000e+000;8.000000e-002;0;9.999999e-002;0;-3.290670e+001
'03a05Wa';1.200000;3.399589e+001;7.775320e-002;3.083978e+001;3.500381e+001;3.667370e+001;5.833921e+000;3.322378e-001;0;0;0;1.191574e+000;7.674676e-001;4.110593e-001;5.841638e-001;2.404397e+000;1.993338e+000;1.276545e+001;0;-5.508014e+001;0;8.584802e-001;1.045321e+000;7.254293e+000;1.773378e+000;1.028715e+001;1.859670e+000;3.569445e+001;6.189142e-001;-1.109761e+001;-1.095375e+000;4.912488e-002;9.661006e-001;1.865435e+000;5.723248e-001;6.668089e+000;2.507702e-001;1.073024e+001;7.418980e-001;1.609911e+001;2.156353e-001;5.476226e+002;2.180573e-001;1.416844e+003;1.073588e-001;-2.599940e+001;-1.709545e+000;1.683548e+003;6.738012e-002;7.440522e+002;3.514981e-001;-3.876607e+001;-1.030804e+000;2.646763e+003;5.241569e-002;9.795732e+002;1.527496e-001;-3.249204e+001;-1.240943e+000;-9.072819e+000;-5.441268e-001;1.474445e+001;3.449266e-001;2.280823e-002;1.368532e+000;-7.429742e-003;-1.759535e+000;8.458847e-001;1.072560e+000;8.919113e+000;8.820820e-001;1.215252e+001;1.630577e+000;3.855260e+001;5.673456e-001;-1.043084e+001;-1.291387e+000;7.207029e+000;2.055003e+000;-2.821739e-003;1.575149e-002;9.494946e-001;5;5.000000e+000;1.700000e-001;0;0;0;-1.666098e+001
'03a05Wa';1.300000;3.615425e+001;1.743055e-002;3.554464e+001;3.617266e+001;3.682847e+001;1.283833e+000;1.967788e+001;0;-4.813519e+001;0;1.392931e+000;6.217288e-001;5.718245e-001;1.415736e+000;2.404397e+000;1.832572e+000;3.539869e+001;5.941952e+000;7.521523e+000;2.525788e+001;1.161338e+000;6.167765e-001;2.011914e+001;3.789152e-001;-1.930040e+000;-7.515464e+000;1.726091e+001;8.737896e-001;-6.691069e+000;-2.314500e+000;3.785095e-002;8.969040e-001;2.500297e+000;4.902140e-001;4.397305e+000;5.978107e-001;6.343466e+000;1.144363e+000;1.517098e+001;2.540971e-001;5.333364e+002;2.445816e-001;1.476417e+003;7.989544e-002;-6.994569e+001;-1.277776e+000;1.577499e+003;7.646798e-002;9.328621e+002;2.403392e-001;-7.318607e+001;-1.072440e+000;2.516414e+003;4.856308e-002;9.786802e+002;1.831429e-001;-7.390575e+001;-1.057037e+000;-1.221248e+001;-5.668210e-001;1.978604e+001;5.088111e-001;2.500018e-002;1.651753e+000;-1.139765e-002;-9.120154e-001;1.243622e+000;6.559005e-001;1.639449e+001;2.733435e-001;-1.487509e+000;-1.006329e+001;2.088082e+001;8.461999e-001;-1.239769e+001;-1.269070e+000;-1.155424e+001;2.402758e+001;2.460838e-003;5.932822e-004;9.807336e-001;10;1.000000e+001;5.500000e-002;2.500000e-002;2.500000e-002;5.000000e-003;-1.623627e+001
'03a05Wa';1.400000;3.454948e+001;2.888773e-002;3.359440e+001;3.434987e+001;3.558319e+001;1.988792e+000;0;0;-3.052959e-001;0;7.010765e-001;6.456041e-001;4.127615e-001;5.765984e-001;8.801094e-001;4.673479e-001;2.401489e+001;1.225115e+001;2.102098e+001;2.164791e+000;4.897300e-001;7.610316e-001;1.299675e+001;1.124622e+000;2.092742e+000;5.047686e+000;1.010078e+001;8.132646e-001;4.048275e+000;1.754232e+000;3.690873e-002;2.433599e-001;3.125190e+000;3.929412e-001;4.133821e+000;8.775268e-001;1.423806e+001;5.118946e-001;1.515256e+001;1.981431e-001;5.922980e+002;3.987944e-001;1.280382e+003;2.044402e-001;-1.370603e+002;-5.851138e-001;1.639105e+003;1.234274e-001;1.021478e+003;1.084108e-001;-1.249376e+002;-6.330301e-001;2.536996e+003;5.848590e-002;8.923694e+002;1.010603e-001;-1.247036e+002;-6.351909e-001;-9.889798e+000;-1.228054e+000;1.893058e+001;8.206280e-001;5.664498e-004;5.085709e+001;6.689829e-003;1.295563e+000;3.643372e-001;6.595550e-001;1.032870e+001;1.344601e+000;4.495029e+000;2.097349e+000;1.524398e+001;4.096222e-001;4.469343e+000;1.219090e+000;-8.259430e+000;1.950077e+001;-1.553314e-003;3.586124e-003;5.630445e-001;5;1.000000e+001;3.000000e-002;0;5.000000e-002;3.000000e-002;-2.548238e+001
'03a05Wa';1.500000;3.281075e+001;3.532283e-002;3.259604e+001;3.309501e+001;3.355603e+001;9.599876e-001;0;0;-3.703605e-001;0;7.552143e-001;4.266955e-001;4.818011e-001;6.355091e-001;1.047726e+000;5.659250e-001;1.214191e+001;0;-3.708208e+000;7.799784e+000;3.799884e-001;5.589457e-001;1.332301e+001;1.071781e+000;4.417105e+000;1.367300e+000;1.852177e+001;7.924954e-001;1.499071e-001;5.498915e+001;1.929444e-002;6.416787e-001;1.840523e+000;7.508852e-001;8.131704e+000;2.616778e-001;2.227944e+001;1.757804e-001;1.936628e+001;1.804059e-001;6.996750e+002;3.158585e-001;1.242615e+003;2.226906e-001;-9.257378e+001;-8.705328e-001;1.754972e+003;9.684022e-002;8.598364e+002;1.503442e-001;-9.385204e+001;-7.936937e-001;2.609416e+003;5.660285e-002;8.778421e+002;5.438986e-002;-8.991177e+001;-8.628839e-001;-9.247324e+000;-8.086314e-001;1.493279e+001;4.992664e-001;3.673823e-002;4.697535e-001;-4.214149e-003;-3.408144e+000;4.529787e-001;4.661157e-001;1.592498e+001;8.806006e-001;3.050252e+000;1.991667e+000;2.658315e+001;4.087379e-001;-1.246301e+000;-7.084985e+000;-8.232715e+000;1.615537e+001;-2.473513e-004;2.300767e-003;2.636873e-001;5;5.000000e+000;9.999999e-002;0;5.000000e-002;0;-2.204012e+001
'03a05Wa';1.600000;3.124010e+001;6.321582e-002;2.919835e+001;3.247774e+001;3.300623e+001;3.807886e+000;-2.158027e+001;0;5.898173e+001;0;5.926182e-001;7.513424e-001;1.408804e-001;4.682160e-001;1.047726e+000;9.068457e-001;1.253149e+001;5.083933e+000;9.156185e+000;0;2.938309e-001;8.127258e-001;1.791564e+001;6.460637e-001;1.265629e+001;8.632027e-001;2.851823e+001;2.807215e-001;4.500081e+000;2.197737e+000;2.133253e-002;5.918413e-001;1.263009e+000;6.644611e-001;6.738139e+000;4.538431e-001;1.850852e+001;3.798474e-001;1.912584e+001;2.174043e-001;6.904017e+002;3.654892e-001;1.334805e+003;1.597222e-001;-8.767110e+001;-9.183679e-001;1.751632e+003;1.180643e-001;8.835671e+002;1.679023e-001;-9.516270e+001;-7.763721e-001;2.641273e+003;7.541474e-002;8.732806e+002;6.031656e-002;-9.097775e+001;-8.468850e-001;-1.189573e+001;-2.692153e-001;1.741567e+001;1.920732e-001;2.760249e-002;9.270886e-001;-7.071728e-003;-1.540904e+000;4.155900e-001;5.709280e-001;1.762989e+001;6.205385e-001;9.221495e+000;1.188487e+000;3.272508e+001;1.269925e-001;4.770004e-001;2.106703e+001;-1.988984e+001;2.677481e+001;-2.295987e-002;1.628585e-003;1.031417e-001;5;1.000000e+001;5.000000e-002;1.000000e-002;5.000000e-002;0;-2.220522e+001
'03a05Wa';1.700000;3.019556e+001;5.156201e-002;2.878824e+001;2.926129e+001;3.195426e+001;3.166016e+000;1.216037e+002;0;3.081913e+001;0;3.965579e-001;5.952911e-001;1.408804e-001;3.983003e-001;5.719718e-001;4.310915e-001;6.717897e+000;2.240036e+000;-2.259869e+000;8.028868e+000;1.223341e-001;6.671124e-001;9.297011e-001;1.419730e+001;1.772666e+001;5.371467e-001;2.591825e+001;5.741292e-001;7.820792e+000;1.038488e+000;3.238689e-002;2.684492e-001;2.392886e+000;6.394816e-001;2.662513e+000;3.202058e-001;1.380481e+001;3.035714e-001;1.397308e+001;3.452029e-001;7.961984e+002;3.071050e-001;1.482705e+003;6.652071e-002;-1.438363e+002;-5.160686e-001;1.704963e+003;1.292638e-001;1.075572e+003;1.149311e-001;-1.389785e+002;-5.142477e-001;2.663699e+003;7.359269e-002;9.177459e+002;5.871793e-002;-1.363563e+002;-5.428760e-001;-5.759978e+000;-5.448778e-001;1.098390e+001;3.836850e-001;4.774012e-004;1.038206e+001;1.299827e-002;8.130517e-001;1.387819e-001;3.218626e-001;-1.974266e+000;-3.609138e+000;2.565960e+001;1.889581e-001;2.775681e+001;2.069876e-001;1.448166e+001;4.419864e-001;-8.413082e+000;1.564536e+001;-1.067277e-002;9.042354e-003;1.139257e-001;10;1.000000e+001;2.500000e-002;5.000000e-003;5.500000e-002;2.500000e-002;-3.421592e+001
'03a05Wa';1.800000;3.257448e+001;1.966574e-002;3.196202e+001;3.230127e+001;3.329918e+001;1.337156e+000;5.221189e+001;0;-4.036967e+001;0;5.966411e-001;5.519094e-001;3.774160e-001;5.386348e-001;7.713212e-001;3.939053e-001;2.316019e+001;1.099885e+001;1.340629e+001;2.685772e+000;2.367823e-001;1.060319e+000;-1.041902e+001;-1.338824e+000;6.011451e+000;2.076405e+000;2.109284e+001;7.057438e-001;-2.522037e+000;-3.844239e+000;9.823342e-002;4.222825e-001;4.749476e+000;1.926874e-001;2.686719e-001;5.580370e+000;5.918153e+000;1.863799e+000;8.274033e+000;1.592423e-001;7.003441e+002;3.166125e-001;1.484054e+003;1.680787e-001;-1.403334e+002;-5.702927e-001;1.603295e+003;7.935738e-002;1.074082e+003;1.171114e-001;-1.346834e+002;-5.721276e-001;2.528307e+003;3.531095e-002;1.071734e+003;1.975721e-001;-1.331287e+002;-5.867320e-001;-1.932163e+000;-1.095422e+000;7.394445e+000;3.493306e-001;8.822296e-003;2.691470e+000;1.103047e-002;1.457459e+000;3.603695e-001;1.061017e+000;-7.596844e-001;-1.359475e+001;1.125326e+001;1.547039e+000;1.947042e+001;1.818286e-001;5.707554e+000;2.184281e+000;9.194244e+000;-2.255811e+000;7.326960e-003;1.908458e-002;1.725394e-001;10;1.000000e+001;2.500000e-002;5.000000e-003;5.500000e-002;3.500000e-002;-2.829464e+001
'03a05Wa';1.900000;3.212629e+001;3.102294e-002;3.118903e+001;3.196405e+001;3.320660e+001;2.017574e+000;0;0;-2.570424e-001;0;1.080422e+000;7.130591e-001;4.153113e-001;6.935039e-001;1.919664e+000;1.504353e+000;2.783775e+001;1.817699e+001;-5.123174e+000;1.500143e+001;6.645521e-001;8.927305e-001;1.164755e+000;1.632589e+001;-1.201162e+001;-9.179457e-001;8.196235e+000;1.275563e+000;-2.391137e+001;-7.405728e-001;1.239240e-001;6.292206e-002;4.105773e+000;3.662280e-001;-1.017988e+000;-1.506993e+000;-3.032632e+000;-3.695937e-001;7.744082e+000;3.948086e-001;6.139729e+002;3.038359e-001;1.498409e+003;2.432363e-001;-1.267545e+002;-6.911705e-001;1.631313e+003;1.667596e-001;1.022251e+003;1.996745e-001;-1.211367e+002;-6.909149e-001;2.515994e+003;5.890730e-002;1.284000e+003;1.955111e-001;-1.221949e+002;-6.717426e-001;-1.844932e+000;-1.125777e+000;9.121363e+000;3.229635e-001;3.636591e-002;9.061958e-001;-9.996334e-003;-1.730193e+000;9.306378e-001;7.733554e-001;1.131308e+001;8.800749e-001;-1.079235e+001;-1.262643e+000;1.101061e+001;6.951652e-001;-1.867513e+001;-9.788435e-001;1.048053e+001;2.582904e-001;2.943428e-002;1.337095e-002;4.961183e-001;10;5.000000e+000;6.000000e-002;0;5.000000e-002;0;-2.110220e+001
'03a05Wa';2.000000;3.164335e+001;1.506340e-002;3.145185e+001;3.160142e+001;3.180655e+001;3.547058e-001;2.988135e+001;1.666903e+000;2.617923e+001;1.605490e+001;1.234297e+000;5.282351e-001;6.412749e-001;1.087866e+000;1.919664e+000;1.278389e+000;1.094569e+001;0;7.536992e+000;9.508120e+000;6.917430e-001;7.848224e-001;1.870733e+001;3.580741e-001;2.591950e+000;9.422470e+000;2.711804e+000;2.115895e+000;-4.300562e+001;-2.743630e-001;6.758674e-002;7.106547e-001;1.797759e+000;6.430300e-001;5.764430e+000;8.450018e-001;2.456784e+000;2.202988e+000;2.174954e+001;5.154074e-001;6.661771e+002;2.636082e-001;1.332206e+003;2.341315e-001;-7.871412e+001;-1.130630e+000;1.797721e+003;1.933031e-001;7.052039e+002;4.185258e-001;-6.928374e+001;-1.097310e+000;2.757830e+003;8.607343e-002;9.101185e+002;5.543435e-001;-6.986917e+001;-1.078713e+000;-1.239723e+001;-6.919333e-001;1.626159e+001;4.146273e-001;7.466570e-002;1.759434e-001;-4.790395e-002;-3.824582e-001;6.470714e-001;9.229500e-001;2.065536e+001;3.377523e-001;1.302304e+001;1.709746e+000;5.438718e+000;8.666391e-001;-4.312508e+001;-3.117377e-001;2.995352e+000;1.052828e+001;5.560074e-002;-1.313166e-003;8.088643e-001;5;1.000000e+001;6.000000e-002;4.000000e-002;5.000000e-002;0;-1.915213e+001
'03a05Wa';2.100000;3.315257e+001;5.060521e-002;3.159724e+001;3.257071e+001;3.550462e+001;3.907375e+000;2.764492e+001;0;-1.900654e+001;0;7.576779e-001;4.214333e-001;4.311038e-001;8.211402e-001;1.078119e+000;6.470156e-001;1.245507e+001;1.249995e-001;1.123706e+001;0;4.082705e-001;4.862951e-001;2.770528e+001;2.984341e-001;2.105840e+001;4.746350e-001;5.400089e+000;1.344480e+000;-3.104180e+001;-6.545961e-001;4.085540e-002;8.632653e-001;1.117060e+000;9.360409e-001;8.559818e+000;2.689099e-001;1.092638e+001;7.554653e-001;2.714476e+001;3.639874e-001;6.783795e+002;3.611267e-001;1.292504e+003;1.458495e-001;-3.975652e+001;-1.432531e+000;1.740435e+003;2.148226e-001;8.101306e+002;3.983889e-001;-3.757730e+001;-1.032431e+000;2.734784e+003;8.048951e-002;7.515762e+002;5.211234e-001;-4.047501e+001;-9.980509e-001;-1.789511e+001;-3.788508e-001;2.378468e+001;3.543253e-001;6.782331e-002;3.739705e-001;-4.062768e-002;-7.034714e-001;3.467733e-001;4.803975e-001;2.606510e+001;2.748684e-001;2.181894e+001;4.829225e-001;6.326244e+000;1.119614e+000;-3.247408e+001;-6.510624e-001;-1.990976e+001;3.347050e+001;4.600085e-002;-2.476386e-002;9.649621e-001;5;1.000000e+001;8.000000e-002;4.000000e-002;0;0;-2.060959e+001
'03a05Wa';2.200000;3.415981e+001;3.120074e-002;3.311879e+001;3.378097e+001;3.550462e+001;2.385822e+000;4.879425e+001;0;-2.362318e+001;0;6.245989e-001;3.288195e-001;5.139312e-001;6.433021e-001;7.918271e-001;2.778960e-001;1.054927e+001;0;6.363310e+000;6.488073e+000;2.960119e-001;7.337563e-001;3.157506e+001;1.265472e-001;9.665412e+000;1.165486e+000;1.328738e+001;8.098543e-001;-2.765581e+000;-6.029569e+000;2.061349e-002;5.090317e-001;3.534824e-001;7.011187e-001;9.862157e+000;2.141230e-001;1.975867e+001;5.721715e-002;2.565286e+001;3.198371e-001;5.957103e+002;4.155417e-001;1.468452e+003;1.238969e-001;-3.614212e+001;-1.501833e+000;1.507166e+003;1.936900e-001;1.224719e+003;1.548119e-001;-4.082911e+001;-9.101387e-001;2.442683e+003;7.904902e-002;9.315133e+002;2.711095e-001;-4.486092e+001;-8.436185e-001;-1.736087e+001;-3.043165e-001;2.559994e+001;2.224669e-001;5.118938e-002;4.216240e-001;-3.979200e-003;-6.488940e+000;2.220415e-001;6.284954e-001;3.036486e+001;7.629064e-002;9.160059e+000;1.311182e+000;1.508990e+001;6.504812e-001;-1.056066e+000;-1.608324e+001;-1.990976e+001;3.347050e+001;4.600085e-002;-2.476386e-002;9.649621e-001;5;1.000000e+001;8.000000e-002;6.000000e-002;0;0;-2.285970e+001
'03a05Wa';2.300000;3.314640e+001;2.153555e-002;3.265176e+001;3.287390e+001;3.363280e+001;9.810333e-001;4.860458e+000;0;1.782115e+001;0;1.091308e+000;4.608453e-001;6.201220e-001;7.961205e-001;1.736003e+000;1.115881e+000;2.463083e+001;0;5.982054e-001;1.139040e+000;3.374081e-001;7.028997e-001;2.243381e+001;3.811099e-001;5.757416e+000;1.231739e+000;3.081119e+001;3.431524e-001;-4.668015e+000;-3.527910e+000;1.389345e-002;5.578445e-001;4.109440e-001;8.064300e-001;9.327028e+000;2.493169e-001;1.753610e+001;1.746077e-001;1.900837e+001;3.101203e-001;5.902783e+002;2.153103e-001;1.553320e+003;1.119281e-001;-1.076506e+001;-1.425811e+000;1.582361e+003;1.197639e-001;1.014439e+003;3.318877e-001;-2.341407e+001;-5.671089e-001;2.509883e+003;8.222736e-002;9.395510e+002;1.538813e-001;-1.788245e+001;-9.418734e-001;-1.266652e+001;-3.814262e-001;1.801432e+001;2.777690e-001;5.445842e-002;2.013669e-001;-8.992666e-003;-2.261629e+000;3.304587e-001;7.007621e-001;2.238857e+001;3.840381e-001;5.781162e+000;1.223030e+000;3.098597e+001;3.488307e-001;-4.871320e+000;-3.416703e+000;0;0;0;0;0;5;5.000000e+000;1.900000e-001;0;0;0;-1.927339e+001
'03a05Wa';2.400000;3.310703e+001;1.768398e-002;3.259649e+001;3.274429e+001;3.392734e+001;1.330856e+000;1.390450e+001;0;9.194946e+000;0;9.670762e-001;6.680185e-001;3.133757e-001;7.834452e-001;1.736003e+000;1.422628e+000;1.785573e+001;8.884696e+000;1.857530e+001;0;4.542859e-001;6.439216e-001;2.342317e+001;4.426895e-001;1.214431e+001;5.374510e-001;2.926351e+001;4.504620e-001;-6.409058e+000;-2.429837e+000;1.359010e-002;7.542239e-001;7.696201e-001;6.141118e-001;8.061528e+000;2.362211e-001;1.837836e+001;2.830639e-001;1.625126e+001;2.708131e-001;6.172582e+002;1.228462e-001;1.568154e+003;1.250129e-001;-5.131285e+001;-1.328295e+000;1.650505e+003;7.451729e-002;9.745305e+002;4.081798e-001;-5.670007e+001;-1.095939e+000;2.591797e+003;5.252673e-002;9.227371e+002;1.860203e-001;-4.837386e+001;-1.376110e+000;-1.424994e+001;-4.765806e-001;1.950722e+001;4.078727e-001;5.174770e-002;2.265558e-001;-2.249290e-002;-3.616017e-001;3.835564e-001;5.986349e-001;2.122214e+001;4.565293e-001;1.241367e+001;5.144868e-001;2.998750e+001;4.982148e-001;-8.250290e+000;-2.059128e+000;-1.740985e+001;2.581579e+001;4.066844e-002;-8.407722e-003;7.873006e-001;5;1.000000e+001;7.000000e-002;2.000000e-002;3.000000e-002;0;-1.954669e+001
'03a05Wa';2.500000;3.441638e+001;1.521878e-002;3.393126e+001;3.446983e+001;3.490526e+001;9.739952e-001;1.521267e+001;0;-1.567001e+001;0;8.289180e-001;6.923067e-001;3.133757e-001;6.270466e-001;1.413850e+000;1.100474e+000;1.435975e+001;0;2.183167e+000;2.547809e+001;5.927507e-001;6.806790e-001;2.555909e+001;4.242632e-001;8.284820e+000;1.294780e+000;2.254262e+001;4.910616e-001;3.346211e+000;2.758868e+000;2.656222e-002;5.901232e-001;1.417777e+000;5.110543e-001;7.732224e+000;1.743720e-001;2.537115e+001;1.564114e-001;1.865027e+001;2.201108e-001;5.604537e+002;3.940839e-001;1.542071e+003;1.816080e-001;-6.339020e+001;-1.121353e+000;1.503881e+003;1.192225e-001;1.143397e+003;2.998942e-001;-5.779959e+001;-1.066012e+000;2.407321e+003;1.049204e-001;1.361295e+003;5.378496e-001;-5.328366e+001;-1.211594e+000;-1.529006e+001;-4.155402e-001;2.131229e+001;3.899679e-001;6.095817e-002;3.521290e-001;-8.958942e-003;-7.845309e-001;5.725186e-001;7.141843e-001;2.403664e+001;4.531265e-001;7.626856e+000;1.495614e+000;2.133206e+001;5.702596e-001;3.915081e+000;2.437941e+000;-1.740985e+001;2.581579e+001;4.066844e-002;-8.407722e-003;7.873006e-001;5;5.000000e+000;1.500000e-001;0;3.000000e-002;0;-2.041818e+001
'03a05Wa';2.600000;3.544268e+001;4.377480e-002;3.457550e+001;3.489264e+001;3.518240e+001;6.068954e-001;1.201169e+002;7.072151e+001;1.567001e+001;0;1.118713e+000;3.847490e-001;6.657044e-001;1.076530e+000;1.630753e+000;9.650483e-001;1.765546e+001;7.913309e+000;2.415831e+001;6.851848e+000;7.498137e-001;4.350507e-001;2.292495e+001;4.542084e-001;4.254865e+000;1.760140e+000;1.515213e+001;9.909680e-001;-1.561707e+000;-9.182887e+000;2.569594e-002;6.558765e-001;1.909157e+000;7.152217e-001;6.332813e+000;3.771940e-001;2.219086e+001;4.167011e-001;1.763479e+001;1.908847e-001;5.395040e+002;4.649960e-001;1.517682e+003;1.857949e-001;-1.060765e+002;-8.631464e-001;1.449249e+003;1.431184e-001;1.004489e+003;2.616984e-001;-8.971257e+001;-9.112215e-001;2.405365e+003;1.206146e-001;1.385577e+003;6.225886e-001;-8.833708e+001;-9.538025e-001;-1.146167e+001;-4.034596e-001;1.750733e+001;3.885112e-001;7.109116e-002;2.409469e-001;-9.293555e-003;-1.287794e+000;9.057350e-001;3.901914e-001;2.000365e+001;5.145434e-001;2.506772e+000;3.682445e+000;2.021062e+001;8.915385e-001;-5.741218e+000;-2.728553e+000;-1.237496e+001;2.189078e+001;2.249824e-002;-4.896241e-003;5.428483e-001;10;5.000000e+000;9.000000e-002;0;7.000000e-002;0;-1.926608e+001
'03a05Wa';2.700000;3.987919e+001;1.653876e-002;3.940143e+001;4.000745e+001;4.054176e+001;1.140331e+000;4.115326e+001;0;-2.760994e+001;0;1.876435e+000;4.847919e-001;9.910235e-001;1.890789e+000;2.836326e+000;1.845302e+000;1.561555e+001;0;-2.567732e+001;0;1.552807e+000;6.035529e-001;1.900192e+001;5.605647e-001;-4.005498e+000;-3.267145e+000;-8.597671e+000;-1.825471e+000;-1.966920e+001;-1.058229e+000;3.497667e-002;6.373411e-001;2.372050e+000;7.194660e-001;5.174143e+000;5.074233e-001;1.870388e+001;6.505074e-001;2.000217e+001;1.330397e-001;8.724629e+002;2.814997e-001;1.431161e+003;9.326274e-002;-9.749133e+001;-9.532935e-001;1.468968e+003;9.773465e-002;1.367116e+003;1.417539e-001;-8.577368e+001;-1.049165e+000;2.530786e+003;1.474400e-002;6.914289e+002;9.599049e-002;-9.096066e+001;-9.390573e-001;-6.822950e+000;-4.477426e-001;1.939365e+001;5.809123e-002;7.329113e-002;1.819652e-001;-2.258258e-002;-4.626327e-001;2.228689e+000;2.682120e-001;1.489723e+001;3.761201e-001;-1.166844e+001;-1.094864e+000;-2.201925e+001;-3.857574e-001;-3.669633e+001;-1.654168e-001;-1.093531e+001;2.013184e+001;2.792171e-002;-4.931996e-003;7.141075e-001;5;5.000000e+000;9.999999e-002;0;7.000000e-002;0;-1.264231e+001
'03a05Wa';2.800000;4.010836e+001;1.219985e-002;3.956653e+001;4.008418e+001;4.058814e+001;1.021610e+000;4.291840e+001;0;-2.760994e+001;0;1.841400e+000;5.270678e-001;7.845342e-001;1.903593e+000;2.836326e+000;2.051791e+000;1.807139e+001;1.130161e+000;3.913528e+001;0;1.473605e+000;7.044179e-001;-1.946103e+000;-1.010174e+001;-8.459939e+000;-1.153142e+000;-7.740819e+000;-2.098962e+000;-1.667707e+001;-1.264378e+000;3.497667e-002;6.373411e-001;1.896422e+000;8.022651e-001;5.938154e+000;3.801305e-001;2.210256e+001;4.901374e-001;2.020598e+001;1.433676e-001;9.673977e+002;1.606308e-001;1.405028e+003;9.550890e-002;-1.172422e+002;-8.012872e-001;1.516673e+003;7.420783e-002;1.418539e+003;1.248294e-001;-1.087790e+002;-8.994733e-001;2.542754e+003;1.188630e-002;7.160165e+002;6.334917e-002;-1.125562e+002;-8.275959e-001;-5.854296e+000;-4.256213e-001;1.932365e+001;6.383140e-002;7.616244e-002;1.652715e-001;-1.985231e-002;-4.836000e-001;2.427675e+000;1.914190e-001;1.321602e+001;3.614380e-001;-1.651261e+001;-5.049691e-001;-2.431450e+001;-3.136806e-001;-3.665547e+001;-1.819987e-001;9.428464e+000;8.466280e-001;2.541278e-002;2.028802e-002;6.735639e-001;5;5.000000e+000;8.000000e-002;0;9.999999e-002;0;-1.284806e+001
'03a05Wa';2.900000;3.571345e+001;1.806587e-003;3.566533e+001;3.570346e+001;3.575958e+001;9.425354e-002;5.236308e-002;0;0;0;1.199574e+000;4.514902e-001;6.255087e-001;1.202759e+000;1.778752e+000;1.153243e+000;1.450233e+001;0;9.626241e+000;2.468867e+001;6.321152e-001;6.200960e-001;-2.219308e+001;-7.585716e-001;-7.235658e+000;-1.114405e+000;7.869480e+000;7.813151e-001;-2.772563e+000;-3.931467e+000;6.051431e-004;0;3.449222e+000;3.264767e-001;5.362977e+000;2.838376e-001;2.290170e+001;6.471948e-002;2.010852e+001;5.543451e-002;8.430422e+002;2.014154e-001;7.967158e+002;1.420949e-001;-1.734449e+002;-3.443846e-001;1.981090e+003;9.321550e-002;1.152001e+003;5.640709e-002;-1.722338e+002;-3.610958e-001;2.756003e+003;3.404244e-002;1.014057e+003;8.049581e-002;-1.731167e+002;-3.492316e-001;1.019752e+001;4.838224e-001;-3.848224e+000;-1.094693e+000;4.013134e-003;2.113382e+000;2.970017e-002;2.392126e-001;3.058483e-001;5.895467e-002;-1.435999e+001;-5.814741e-001;-6.032136e+000;-7.256798e-001;1.643578e+001;6.098174e-002;2.920480e+000;2.596657e-001;1.717076e+001;-4.911406e+000;2.621861e-002;2.738142e-002;6.917149e-001;5;5.000000e+000;2.000000e-002;0;1.600000e-001;0;-2.292543e+001
'03a05Wa';3.000000;3.532812e+001;1.558156e-002;3.486618e+001;3.562475e+001;3.574376e+001;8.775826e-001;7.854462e+000;0;-3.103470e+001;0;1.420162e+000;3.759888e-001;8.177685e-001;1.623506e+000;1.929219e+000;1.111450e+000;1.712216e+001;1.078994e+001;2.127829e+000;2.186039e+001;8.254320e-001;3.705635e-001;-7.327599e+000;-3.158957e+000;-1.269597e+001;-5.265310e-001;2.216477e+001;5.992419e-001;-2.119591e+000;-3.934317e+000;4.808271e-002;5.662913e-001;2.481676e+000;4.539343e-001;5.143767e+000;4.643577e-001;2.485427e+001;1.599961e-001;1.905730e+001;2.133271e-001;8.558790e+002;2.779609e-001;1.013740e+003;2.140831e-001;-1.389258e+002;-5.572606e-001;1.975530e+003;1.155549e-001;1.045069e+003;1.166640e-001;-1.236962e+002;-6.874266e-001;2.808065e+003;5.101358e-002;1.145218e+003;2.825297e-001;-1.238569e+002;-6.883807e-001;-7.902426e-001;-1.160345e+001;9.003761e+000;1.179601e+000;5.076369e-002;8.071776e-001;1.701567e-002;6.405408e-001;7.104227e-001;4.721132e-001;2.950219e+000;4.917618e+000;-8.369211e+000;-5.730014e-001;2.350665e+001;2.528312e-001;8.649018e-001;3.283555e+000;1.500707e+001;-3.504979e+000;4.169915e-002;2.179161e-002;9.011922e-001;10;5.000000e+000;7.000000e-002;0;5.000000e-002;1.000000e-002;-1.881588e+001
'03a05Wa';3.100000;3.509692e+001;1.660860e-002;3.453918e+001;3.524645e+001;3.564181e+001;1.102627e+000;0;0;-3.050751e-001;0;8.640693e-001;7.907755e-001;1.741557e-001;6.559345e-001;1.590860e+000;1.416705e+000;1.974754e+001;7.918222e+000;2.202679e+001;0;5.135232e-001;8.972718e-001;9.218898e+000;1.072412e+000;-1.047476e+001;-1.093903e+000;2.026306e+001;7.600541e-001;1.932955e+000;2.793082e+000;5.757822e-002;3.243163e-001;1.901148e+000;3.203495e-001;5.012241e+000;5.533288e-001;2.602582e+001;1.732168e-001;1.842657e+001;2.693759e-001;8.635812e+002;3.130741e-001;1.143955e+003;1.309904e-001;-1.695426e+002;-3.753237e-001;1.972194e+003;1.271566e-001;9.809100e+002;1.033302e-001;-1.524624e+002;-5.145772e-001;2.839302e+003;5.563100e-002;1.223914e+003;3.132523e-001;-1.517402e+002;-5.256200e-001;-7.382898e+000;-2.716342e-001;1.671495e+001;2.008381e-001;7.881401e-002;2.962102e-001;9.404974e-003;2.453124e-001;9.531673e-001;1.579312e-001;1.333634e+001;2.023575e-001;-9.771457e+000;-4.583087e-001;2.774916e+001;1.013843e-001;-3.684448e-001;-7.914364e+000;-1.155139e+000;1.329194e+001;2.366547e-002;1.264185e-002;3.639520e-001;5;5.000000e+000;4.000000e-002;0;1.400000e-001;0;-2.013727e+001
'03a05Wa';3.200000;0;0;0;0;0;0;0;0;0;0;2.498181e-001;9.091002e-001;6.691945e-002;1.159959e-001;5.183964e-001;4.514770e-001;5.767102e+000;3.505506e+000;6.387497e+000;2.718625e+000;7.774215e-002;8.114420e-001;5.303943e+000;1.552509e+000;-9.173694e+000;-1.212139e+000;1.908610e+000;3.749424e+000;3.121981e-001;1.595051e+001;0;0;0;0;0;0;0;0;0;0;0;0;0;0;-201;0;0;0;0;0;-201;0;0;0;0;0;-201;0;0;0;0;0;0;0;0;0;0;0;0;0;0;0;0;0;0;0;-1.301889e-001;1.576129e+001;1.290862e-002;2.005309e-002;7.757907e-002;5;0;0;0;1.900000e-001;0;-4.082172e+001
'03a05Wa';0.000000;2.948483e+001;1.141311e-003;2.945122e+001;2.947585e+001;2.951948e+001;6.826210e-002;1.451683e-002;0;0;0;6.258476e-001;1.025312e+000;4.712088e-002;3.553326e-001;1.297605e+000;1.250484e+000;1.260709e+001;0;-2.178186e+001;0;3.432096e-001;1.139733e+000;9.578772e+000;1.137071e+000;-3.702872e+000;-3.783375e+000;3.963869e+000;1.852029e+000;3.220965e+000;1.791796e+000;3.681656e-002;0;3.984606e+000;3.695413e-001;6.984216e-001;2.606408e+000;3.184189e+000;1.036614e+000;4.465862e+000;8.550683e-001;4.451396e+002;6.566328e-002;1.473368e+003;8.853062e-002;-1.410851e+002;-5.765519e-001;1.513470e+003;1.973327e-002;1.146682e+003;9.308700e-002;-1.392075e+002;-6.040226e-001;2.413990e+003;5.146028e-002;1.517573e+003;2.854841e-001;-1.417111e+002;-5.703592e-001;-3.144341e+000;-8.112183e-001;1.338783e+001;1.848984e-001;4.344681e-002;2.548088e-001;-9.946658e-003;-9.992659e-001;7.467158e-001;5.202087e-001;2.040724e+001;4.743811e-001;-1.473639e+001;-1.073682e+000;4.870776e+000;8.988870e-001;-1.147103e+000;-1.528657e+000;-4.643992e+000;1.571097e+001;-1.170871e-002;1.702739e-002;1.959332e-001;5;5.000000e+000;5.000000e-002;0;6.000000e-002;2.000000e-002;-2.486642e+001
'03a05Wa';0.160000;5.192163e+001;2.115306e-001;4.983987e+001;5.648179e+001;5.855793e+001;8.718056e+000;0;0;-5.942144e+000;0;8.791974e-001;3.329729e-001;5.968120e-001;8.339506e-001;1.189778e+000;5.929657e-001;1.095803e+001;0;-3.007913e-001;9.868071e+000;3.212458e-001;4.516584e-001;-1.748366e+001;-1.109817e+000;-5.444040e+000;-1.474761e+000;-2.312183e+000;-3.251911e+000;-3.430294e+000;-3.779905e+000;4.426650e-002;1.637859e-001;2.337730e+000;1.301365e-001;-7.164671e+000;-2.750286e-001;-7.070050e+000;-8.713283e-001;-6.675174e+000;-1.683064e+000;1.013792e+003;5.162556e-002;1.027079e+003;7.192988e-002;-1.792912e+002;-2.314080e-001;1.981390e+003;4.843477e-002;1.467299e+003;3.239574e-001;-1.494522e+002;-4.849208e-001;2.704895e+003;4.701655e-002;9.657012e+002;3.405927e-002;-1.485365e+002;-4.983603e-001;1.646904e+001;1.033142e+000;-6.792930e+000;-2.625491e+000;2.480569e-002;1.046371e+000;1.730254e-002;3.574472e-001;3.169766e-001;3.985211e-001;-2.490268e+001;-8.063481e-001;2.647996e+000;4.365395e+000;9.909568e-001;5.472625e+000;-8.505909e+000;-1.456604e+000;1.119513e+001;-1.504167e+000;1.819874e-002;1.553935e-002;3.193489e-001;5;5.000000e+000;3.000000e-002;0;6.500000e-002;5.000000e-003;-2.773257e+001
'03a05Wa';0.320000;2.949763e+001;1.507103e-002;2.909129e+001;2.934241e+001;2.991598e+001;8.246918e-001;0;0;-1.810139e-001;0;8.088074e-001;5.993230e-001;3.264376e-001;7.344576e-001;1.293890e+000;9.674524e-001;3.387254e+001;0;2.109423e-001;9.393039e+000;4.738124e-001;7.936794e-001;4.341895e+000;3.746863e+000;-4.397680e+000;-2.647133e+000;6.169525e-001;3.110359e+001;-1.344601e+000;-1.087995e+001;2.170936e-002;9.672403e-002;3.221100e+000;3.070965e-001;-1.052213e+000;-2.154494e+000;5.567800e+000;2.536454e-001;9.476742e+000;2.672515e-001;6.679343e+002;3.753783e-001;1.256859e+003;7.600699e-002;-1.304086e+002;-6.625279e-001;1.588479e+003;2.064902e-001;1.459317e+003;3.042368e-001;-1.293139e+002;-6.819754e-001;2.541612e+003;8.645795e-002;1.011236e+003;3.232570e-001;-1.335322e+002;-6.202984e-001;-7.546998e+000;-9.167127e-001;2.062147e+001;2.602885e-001;1.371498e-002;1.656608e+000;-7.491187e-003;-1.529550e+000;7.090269e-001;6.583594e-001;2.135887e+001;1.749603e-001;1.308120e+000;1.339000e+001;-6.172647e+000;-1.908781e+000;-8.985372e+000;-1.860240e+000;7.125605e+000;5.681196e+000;-1.103485e-004;2.732254e-002;3.510176e-001;5;5.000000e+000;6.000000e-002;0;5.500000e-002;3.500000e-002;-2.332774e+001
'03a05Wa';0.480000;3.686696e+001;2.028337e-002;3.609555e+001;3.702405e+001;3.762505e+001;1.529491e+000;0;0;-3.265871e-001;0;6.670775e-001;7.327332e-001;1.852844e-001;5.831442e-001;1.167146e+000;9.818612e-001;1.299548e+001;0;-6.407563e+000;1.342540e+001;4.106256e-001;1.009712e+000;1.779934e+000;1.449328e+001;1.484286e+000;8.027030e+000;8.422908e+000;1.526663e+000;6.150756e+000;1.507604e+000;4.240660e-002;8.259673e-002;2.696330e+000;4.605298e-001;4.248046e+000;3.213876e-001;1.313960e+001;2.769790e-001;2.344195e+001;9.155124e-002;8.707864e+002;2.504407e-001;1.256229e+003;1.780391e-001;-1.428368e+002;-5.557455e-001;1.814799e+003;1.070122e-001;1.182864e+003;1.092626e-001;-1.449192e+002;-5.246935e-001;2.657077e+003;5.716455e-002;9.059082e+002;1.061143e-001;-1.463296e+002;-5.054581e-001;-1.431369e+000;-7.206679e+000;8.078841e+000;1.400883e+000;5.935949e-002;5.621132e-001;-3.625883e-003;-3.868164e+000;6.553662e-001;4.795466e-001;-1.371734e-001;-1.472321e+002;3.987685e+000;2.658257e+000;1.382639e+000;3.153658e+000;-4.442173e+000;-1.523277e+000;-2.416756e+000;1.188200e+001;8.971894e-003;1.696045e-002;3.030164e-001;5;5.000000e+000;5.000000e-002;0;6.000000e-002;1.000000e-002;-2.366989e+001
'03a05Wa';0.640000;3.002592e+001;1.753885e-002;2.958300e+001;2.975613e+001;3.056058e+001;9.775734e-001;6.128025e+000;0;1.823065e+001;0;6.829147e-001;8.298081e-001;7.058626e-002;5.859351e-001;1.275313e+000;1.204727e+000;1.628535e+001;0;-4.342992e+000;7.789357e+000;4.065196e-001;8.123283e-001;2.136980e+001;3.927034e-001;2.057677e+000;8.295020e+000;1.553199e+001;9.571041e-001;2.262545e+000;5.861818e+000;2.943468e-002;3.208819e-001;3.217614e+000;5.989588e-001;2.143916e+000;1.248224e+000;2.749544e+000;1.651667e+000;9.878448e+000;5.432945e-001;6.234666e+002;2.919897e-001;1.431198e+003;1.473521e-001;-9.712508e+001;-9.316106e-001;1.606855e+003;5.557794e-002;1.030218e+003;1.285129e-001;-9.331281e+001;-9.567237e-001;2.615250e+003;1.668577e-002;8.771182e+002;1.527133e-001;-9.507577e+001;-9.214830e-001;-7.089161e+000;-5.888768e-001;1.461382e+001;1.698585e-001;3.795045e-002;8.973544e-001;-6.492844e-003;-2.408132e+000;5.813125e-001;5.010272e-001;2.016162e+001;2.753199e-001;-7.787357e+000;-1.902138e+000;2.039111e+001;9.329755e-001;-4.355945e+000;-3.346785e+000;-1.853347e+001;3.053981e+001;-1.046478e-002;6.848236e-003;1.967826e-001;5;5.000000e+000;9.999999e-002;0;7.000000e-002;0;-2.489876e+001
'03a05Wa';0.800000;3.039005e+001;4.386120e-002;2.953912e+001;2.964801e+001;3.183674e+001;2.297628e+000;8.187103e+001;0;-1.197717e+002;0;5.907462e-001;9.749723e-001;3.379674e-002;3.623548e-001;1.238474e+000;1.204677e+000;2.609307e+001;0;1.251724e+001;0;3.300183e-001;1.005297e+000;1.844761e+001;3.293533e-001;-8.137917e-001;-1.912161e+001;3.349089e+000;2.804939e+000;-3.385014e+000;-2.825364e+000;2.594442e-002;3.013080e-001;2.546928e+000;4.778008e-001;6.352556e-001;2.785013e+000;2.417551e+000;7.351565e-001;1.046043e+001;5.395388e-001;7.989303e+002;2.831289e-001;1.598294e+003;5.197117e-002;-1.311798e+002;-5.681885e-001;1.576169e+003;6.968036e-002;1.220084e+003;1.175898e-001;-1.316549e+002;-5.648584e-001;2.580718e+003;7.742924e-002;9.863550e+002;4.644725e-001;-1.352953e+002;-5.192139e-001;-5.973005e+000;-1.042146e+000;1.827940e+001;2.716379e-001;1.781469e-002;2.429602e+000;2.456279e-003;3.297390e+000;5.540836e-001;6.982194e-001;1.962908e+001;3.581015e-001;-1.182595e+001;-1.460425e+000;2.175210e-001;5.183762e+001;-5.482997e+000;-2.158150e+000;-1.324342e+001;2.384913e+001;-8.248999e-003;3.885675e-003;2.145747e-001;0;1.000000e+001;2.000000e-002;0;9.999999e-002;0;-2.569561e+001
'03a05Wa';0.960000;2.886059e+001;5.004911e-002;2.799589e+001;2.825717e+001;2.905666e+001;1.060770e+000;0;0;-7.638153e-001;0;6.674774e-001;8.796892e-001;3.787525e-002;6.414275e-001;1.287198e+000;1.249322e+000;2.411486e+001;1.460846e+000;1.509409e+001;0;4.202906e-001;8.878794e-001;1.937271e+001;6.315268e-001;-6.353365e-001;-2.272971e+001;2.255088e+000;5.209710e+000;-1.002398e+000;-1.052482e+001;3.995472e-002;1.191431e-001;2.357106e+000;4.935275e-001;-1.066280e+000;-1.352087e+000;1.651504e+000;3.638244e-001;8.954892e+000;5.085742e-001;5.541230e+002;4.027051e-001;1.779056e+003;9.485603e-002;-1.504307e+002;-4.679235e-001;1.429684e+003;3.686338e-002;1.292063e+003;6.218442e-002;-1.499512e+002;-4.754371e-001;2.343898e+003;7.691028e-002;1.414829e+003;3.558109e-001;-1.527518e+002;-4.426717e-001;-1.586374e+000;-1.383289e+000;1.550821e+001;3.478037e-002;3.462839e-002;7.967891e-001;5.165914e-004;3.003053e+000;8.860449e-001;3.813691e-001;2.563827e+001;2.423677e-001;-1.910395e+001;-5.745873e-001;-9.729252e+000;-1.021832e+000;-1.160852e+001;-7.254329e-001;-1.267497e+001;2.469251e+001;-1.587927e-002;7.542739e-003;2.733764e-001;5;5.000000e+000;3.000000e-002;0;1.200000e-001;0;-2.409171e+001
'03a05Wa';1.120000;3.229641e+001;6.156207e-002;3.067780e+001;3.100062e+001;3.460094e+001;3.923140e+000;4.423840e-001;0;0;0;5.335086e-001;3.890984e-001;3.934811e-001;4.646873e-001;6.665038e-001;2.730228e-001;2.363199e+001;2.180488e+000;4.134621e+000;0;1.959368e-001;6.817078e-001;-4.929612e+000;-3.363021e+000;1.473936e+001;1.009283e+000;3.876535e+001;4.257855e-001;-1.947821e+000;-4.832283e+000;6.842226e-002;7.896423e-001;1.981745e+000;5.660856e-001;6.964043e+000;2.704777e-001;1.620826e+001;1.874553e-001;1.669271e+001;1.998220e-001;4.996753e+002;2.011907e-001;1.329222e+003;8.698028e-002;-9.933607e+001;-8.935636e-001;1.745016e+003;4.953839e-002;6.170978e+002;3.608668e-001;-1.088525e+002;-7.310222e-001;2.723299e+003;3.823155e-002;9.497000e+002;8.992559e-002;-1.014311e+002;-8.479193e-001;-9.518871e+000;-6.369865e-001;1.495268e+001;4.078961e-001;-2.017019e-004;-3.381681e+001;7.541600e-004;1.263194e+001;1.739128e-001;8.780218e-001;5.218083e+000;1.553388e+000;2.703862e+001;1.884982e-001;5.374389e+001;7.024925e-002;-1.087708e+000;-2.957393e+000;6.879863e+000;2.765174e+000;-1.569312e-002;2.589302e-002;2.240293e-001;5;5.000000e+000;9.999999e-002;0;8.000000e-002;0;-3.048782e+001
'03a05Wa';1.280000;3.585272e+001;2.792066e-002;3.527560e+001;3.592850e+001;3.677578e+001;1.500179e+000;3.796375e+001;0;-4.813519e+001;0;1.290507e+000;7.068946e-001;3.560166e-001;1.175042e+000;2.404397e+000;2.048380e+000;3.362439e+001;5.456219e+000;4.324156e+001;0;1.072294e+000;7.319636e-001;1.928515e+001;4.227592e-001;2.186842e+000;7.582531e+000;2.122815e+001;8.666052e-001;-7.417023e+000;-2.007475e+000;5.237475e-002;9.065163e-001;2.345495e+000;5.226409e-001;4.377275e+000;5.593168e-001;8.137919e+000;1.003850e+000;1.518871e+001;2.364906e-001;5.319457e+002;2.290728e-001;1.462618e+003;7.940283e-002;-5.028706e+001;-1.555711e+000;1.613657e+003;9.003856e-002;8.724772e+002;2.977780e-001;-5.566030e+001;-1.197924e+000;2.562075e+003;6.388699e-002;9.930203e+002;1.722735e-001;-5.541990e+001;-1.207728e+000;-1.246173e+001;-5.197563e-001;1.965416e+001;4.772766e-001;2.186926e-002;1.795812e+000;-1.011192e-002;-1.012292e+000;1.089882e+000;7.841368e-001;1.561704e+001;2.964652e-001;2.548757e+000;6.796750e+000;2.517215e+001;7.850987e-001;-1.065990e+001;-1.436508e+000;-1.484069e+001;2.903502e+001;-3.339459e-003;2.348589e-003;9.806206e-001;5;1.000000e+001;6.500000e-002;3.500000e-002;3.000000e-002;0;-1.637620e+001
'03a05Wa';1.440000;3.390108e+001;2.785563e-002;3.316371e+001;3.357350e+001;3.505550e+001;1.891788e+000;0;0;-2.568807e-001;0;8.921878e-001;4.897177e-001;5.120075e-001;7.458686e-001;1.349543e+000;8.375352e-001;2.925441e+001;1.356599e+001;1.885619e+001;0;5.043045e-001;6.538644e-001;1.102835e+001;1.098801e+000;-1.032410e+000;-8.079513e+000;1.450579e+001;9.059855e-001;1.905617e+000;3.972954e+000;2.991846e-002;4.527404e-001;2.509310e+000;5.028490e-001;6.399153e+000;6.265489e-001;1.874587e+001;3.887741e-001;1.740759e+001;1.867673e-001;5.629883e+002;3.945190e-001;1.278285e+003;1.976709e-001;-9.740955e+001;-9.200782e-001;1.623649e+003;1.169927e-001;9.138223e+002;1.472131e-001;-9.985683e+001;-8.287623e-001;2.516308e+003;5.549785e-002;8.679008e+002;7.017658e-002;-9.683346e+001;-8.809007e-001;-8.962936e+000;-9.463130e-001;1.599391e+001;6.366172e-001;2.169603e-002;1.277271e+000;2.698842e-004;4.730812e+001;4.821396e-001;5.095310e-001;1.385196e+001;9.518740e-001;8.030618e-001;8.006977e+000;2.185337e+001;5.225809e-001;1.800306e+000;4.153872e+000;-3.997526e+000;1.314653e+001;6.004080e-003;3.147766e-003;5.146990e-001;5;1.000000e+001;4.500000e-002;2.500000e-002;8.000000e-002;0;-2.186372e+001
'03a05Wa';1.600000;3.124010e+001;6.321582e-002;2.919835e+001;3.247774e+001;3.300623e+001;3.807886e+000;-2.158027e+001;0;5.898173e+001;0;5.926182e-001;7.513424e-001;1.408804e-001;4.682160e-001;1.047726e+000;9.068457e-001;1.253149e+001;5.083933e+000;9.156185e+000;0;2.938309e-001;8.127258e-001;1.791564e+001;6.460637e-001;1.265629e+001;8.632027e-001;2.851823e+001;2.807215e-001;4.500081e+000;2.197737e+000;2.133253e-002;5.918413e-001;1.263009e+000;6.644611e-001;6.738139e+000;4.538431e-001;1.850852e+001;3.798474e-001;1.912584e+001;2.174043e-001;6.904017e+002;3.654892e-001;1.334805e+003;1.597222e-001;-8.767110e+001;-9.183679e-001;1.751632e+003;1.180643e-001;8.835671e+002;1.679023e-001;-9.516270e+001;-7.763721e-001;2.641273e+003;7.541474e-002;8.732806e+002;6.031656e-002;-9.097775e+001;-8.468850e-001;-1.189573e+001;-2.692153e-001;1.741567e+001;1.920732e-001;2.760249e-002;9.270886e-001;-7.071728e-003;-1.540904e+000;4.155900e-001;5.709280e-001;1.762989e+001;6.205385e-001;9.221495e+000;1.188487e+000;3.272508e+001;1.269925e-001;4.770004e-001;2.106703e+001;-1.988984e+001;2.677481e+001;-2.295987e-002;1.628585e-003;1.031417e-001;5;1.000000e+001;5.000000e-002;1.000000e-002;5.000000e-002;0;-2.220522e+001
'03a05Wa';1.760000;3.196238e+001;5.136650e-004;3.195013e+001;3.195632e+001;3.197342e+001;2.329445e-002;1.294072e-002;0;0;0;4.459436e-001;5.474061e-001;2.372061e-001;4.588149e-001;6.868740e-001;4.496679e-001;8.727271e+000;9.334927e-001;-5.719759e+000;1.162503e+001;1.399599e-001;5.810670e-001;-9.560903e+000;-1.602191e+000;9.621315e+000;1.253183e+000;2.126644e+001;7.082665e-001;3.201008e-001;3.471648e+001;4.028327e-002;0;4.034544e+000;1.288226e-001;1.806201e+000;1.455739e-001;1.864288e+001;6.160275e-003;9.500266e+000;1.030941e-001;8.386348e+002;2.028823e-001;1.561548e+003;4.706984e-002;-1.790143e+002;-2.675169e-001;1.574323e+003;4.239817e-002;1.155943e+003;1.228882e-001;-1.710404e+002;-3.013421e-001;2.528824e+003;1.113331e-002;9.560247e+002;3.857271e-002;-1.691223e+002;-3.263244e-001;-2.638203e+000;-9.812083e-002;6.876769e+000;1.735477e-001;4.185086e-003;1.095497e+000;2.257544e-002;3.108282e-001;1.536880e-001;7.564601e-002;-8.978956e+000;-2.267471e-001;3.012028e+001;1.294502e-001;2.225739e+001;1.595676e-001;1.959114e+001;2.225705e-001;2.777841e+000;4.901408e+000;-4.413250e-003;1.780118e-002;1.408294e-001;10;5.000000e+000;2.000000e-002;0;7.500000e-002;1.500000e-002;-3.368918e+001
'03a05Wa';1.920000;3.203402e+001;2.844216e-002;3.136702e+001;3.168808e+001;3.302145e+001;1.654427e+000;3.223871e+001;0;4.550323e+001;0;1.085171e+000;7.068226e-001;4.390571e-001;6.935039e-001;1.919664e+000;1.480607e+000;2.805040e+001;1.270271e+001;1.892748e+001;7.410924e+000;6.780559e-001;8.619074e-001;3.683749e+000;4.953071e+000;-1.025868e+001;-1.287352e+000;5.944803e+000;1.388018e+000;-2.889332e+001;-7.009107e-001;1.239240e-001;6.292206e-002;4.017493e+000;3.548968e-001;1.325545e-001;2.061295e+001;-2.885573e+000;-3.969572e-001;9.968062e+000;5.314163e-001;6.700114e+002;3.000501e-001;1.382212e+003;2.896725e-001;-1.065006e+002;-8.479207e-001;1.752866e+003;1.962238e-001;8.877881e+002;3.685211e-001;-1.034292e+002;-8.088351e-001;2.613109e+003;9.110475e-002;1.332300e+003;2.000859e-001;-1.031283e+002;-8.115592e-001;-2.475810e+000;-9.923003e-001;8.992060e+000;2.988514e-001;4.330228e-002;7.622974e-001;-1.633756e-002;-1.233657e+000;8.036683e-001;8.638452e-001;1.104206e+001;8.100259e-001;-6.084647e+000;-2.550321e+000;9.711365e+000;7.662612e-001;-2.716449e+001;-8.677599e-001;9.989697e+000;1.202089e+000;3.538782e-002;1.041404e-002;5.631915e-001;5;1.000000e+001;4.000000e-002;2.000000e-002;4.000000e-002;1.000000e-002;-2.107110e+001
'03a05Wa';2.080000;3.277914e+001;4.698175e-002;3.154892e+001;3.189240e+001;3.364358e+001;2.094658e+000;2.512499e-001;0;0;0;7.419556e-001;4.439827e-001;4.075032e-001;8.211402e-001;1.078119e+000;6.706162e-001;9.430942e+000;5.922387e-001;1.123706e+001;0;3.977917e-001;5.216228e-001;2.555451e+001;3.927953e-001;2.067207e+001;5.291297e-001;3.040224e+000;2.110620e+000;-3.649644e+001;-5.266274e-001;4.345215e-002;8.221027e-001;1.170149e+000;9.464150e-001;7.883705e+000;3.279298e-001;8.996447e+000;9.510891e-001;2.749863e+001;3.673701e-001;6.512721e+002;3.490683e-001;1.278531e+003;1.662365e-001;-5.167301e+001;-1.186162e+000;1.741779e+003;2.264275e-001;7.472733e+002;3.982250e-001;-4.640275e+001;-9.660802e-001;2.735463e+003;8.174606e-002;7.967283e+002;5.716140e-001;-4.826054e+001;-9.344484e-001;-1.758706e+001;-4.424288e-001;2.284061e+001;4.163099e-001;6.806181e-002;3.839718e-001;-4.706279e-002;-4.346395e-001;3.419842e-001;5.185377e-001;2.452587e+001;3.423563e-001;2.355120e+001;3.464881e-001;4.356712e+000;1.393399e+000;-3.766812e+001;-5.227056e-001;-1.133047e+001;2.582461e+001;4.990451e-002;-1.989018e-002;7.183346e-001;5;1.000000e+001;7.500000e-002;5.500000e-002;0;0;-2.075316e+001
'03a05Wa';2.240000;3.395103e+001;3.519804e-002;3.287478e+001;3.356663e+001;3.545212e+001;2.577343e+000;-7.456589e+000;0;2.169603e+001;0;6.802473e-001;4.786832e-001;5.139312e-001;6.433021e-001;7.918271e-001;2.778960e-001;1.706676e+001;7.343121e+000;2.812211e+000;0;2.764743e-001;7.768801e-001;2.866279e+001;2.173535e-001;7.638806e+000;1.185326e+000;2.083486e+001;4.394432e-001;1.159688e+000;1.020920e+001;1.598330e-002;4.098621e-001;4.040721e-001;8.187519e-001;1.014135e+001;1.475248e-001;1.872002e+001;1.429428e-001;2.049047e+001;2.430685e-001;6.395842e+002;3.234816e-001;1.449288e+003;1.208617e-001;-2.029253e+001;-1.592724e+000;1.603637e+003;1.511905e-001;1.198039e+003;1.862217e-001;-3.134427e+001;-9.020730e-001;2.492903e+003;8.573098e-002;9.794025e+002;1.665661e-001;-3.079077e+001;-9.995260e-001;-1.516129e+001;-2.319950e-001;2.260517e+001;2.135866e-001;4.673313e-002;3.541767e-001;-1.920755e-004;-9.405332e+001;2.412382e-001;8.327050e-001;2.779991e+001;1.902156e-001;7.173121e+000;1.269938e+000;2.200529e+001;3.561739e-001;2.090986e+000;5.534205e+000;-1.990976e+001;3.347050e+001;4.600085e-002;-2.476386e-002;9.649621e-001;5;5.000000e+000;1.800000e-001;0;0;0;-2.311772e+001
'03a05Wa';2.400000;3.310703e+001;1.768398e-002;3.259649e+001;3.274429e+001;3.392734e+001;1.330856e+000;1.390450e+001;0;9.194946e+000;0;9.670762e-001;6.680185e-001;3.133757e-001;7.834452e-001;1.736003e+000;1.422628e+000;1.785573e+001;8.884696e+000;1.857530e+001;0;4.542859e-001;6.439216e-001;2.342317e+001;4.426895e-001;1.214431e+001;5.374510e-001;2.926351e+001;4.504620e-001;-6.409058e+000;-2.429837e+000;1.359010e-002;7.542239e-001;7.696201e-001;6.141118e-001;8.061528e+000;2.362211e-001;1.837836e+001;2.830639e-001;1.625126e+001;2.708131e-001;6.172582e+002;1.228462e-001;1.568154e+003;1.250129e-001;-5.131285e+001;-1.328295e+000;1.650505e+003;7.451729e-002;9.745305e+002;4.081798e-001;-5.670007e+001;-1.095939e+000;2.591797e+003;5.252673e-002;9.227371e+002;1.860203e-001;-4.837386e+001;-1.376110e+000;-1.424994e+001;-4.765806e-001;1.950722e+001;4.078727e-001;5.174770e-002;2.265558e-001;-2.249290e-002;-3.616017e-001;3.835564e-001;5.986349e-001;2.122214e+001;4.565293e-001;1.241367e+001;5.144868e-001;2.998750e+001;4.982148e-001;-8.250290e+000;-2.059128e+000;-1.740985e+001;2.581579e+001;4.066844e-002;-8.407722e-003;7.873006e-001;5;1.000000e+001;7.000000e-002;2.000000e-002;3.000000e-002;0;-1.954669e+001
'03a05Wa';2.560000;3.453196e+001;1.313188e-002;3.399524e+001;3.458533e+001;3.498485e+001;9.896126e-001;1.409348e+001;0;-1.567001e+001;0;9.362334e-001;5.210157e-001;4.969440e-001;8.026770e-001;1.413850e+000;9.169056e-001;1.337261e+001;2.567126e+000;3.384829e+001;0;6.027126e-001;5.765569e-001;2.512550e+001;4.146097e-001;6.114211e+000;1.497464e+000;1.806833e+001;6.989034e-001;5.445691e+000;2.004012e+000;2.656222e-002;5.901232e-001;1.417777e+000;5.110543e-001;7.752016e+000;1.840616e-001;2.612540e+001;1.383352e-001;1.768415e+001;1.932399e-001;5.723625e+002;4.065881e-001;1.496229e+003;1.771776e-001;-8.040116e+001;-1.065189e+000;1.521447e+003;1.207189e-001;1.058141e+003;2.548733e-001;-7.476585e+001;-1.047016e+000;2.411039e+003;1.118743e-001;1.363328e+003;5.733074e-001;-7.069247e+001;-1.158116e+000;-1.416567e+001;-4.236797e-001;1.971099e+001;3.875613e-001;6.484853e-002;3.104790e-001;-7.913536e-003;-8.721925e-001;6.371530e-001;6.231556e-001;2.234527e+001;4.746487e-001;5.658608e+000;1.917343e+000;2.286715e+001;5.360668e-001;4.821523e+000;2.031673e+000;-1.422571e+001;2.446189e+001;2.732026e-002;-4.108756e-003;5.448067e-001;5;5.000000e+000;1.300000e-001;0;5.000000e-002;0;-2.005967e+001
'03a05Wa';2.720000;3.987919e+001;1.653876e-002;3.940143e+001;4.000745e+001;4.054176e+001;1.140331e+000;4.115326e+001;0;-2.760994e+001;0;1.952355e+000;4.281728e-001;1.065432e+000;1.903593e+000;2.836326e+000;1.770894e+000;1.699213e+001;0;-4.065839e+001;0;1.652315e+000;5.211120e-001;1.553832e+001;6.036983e-001;-4.931016e+000;-2.578258e+000;-8.162838e+000;-1.985569e+000;-2.146817e+001;-8.360068e-001;3.497667e-002;6.373411e-001;2.372050e+000;7.194660e-001;5.174143e+000;5.074233e-001;1.870388e+001;6.505074e-001;2.000217e+001;1.330397e-001;8.724629e+002;2.814997e-001;1.431161e+003;9.326274e-002;-1.010297e+002;-9.458787e-001;1.468968e+003;9.773465e-002;1.367116e+003;1.417539e-001;-8.877227e+001;-1.044686e+000;2.530786e+003;1.474400e-002;6.914289e+002;9.599049e-002;-9.378921e+001;-9.386740e-001;-6.822950e+000;-4.477426e-001;1.939365e+001;5.809123e-002;7.329113e-002;1.819652e-001;-2.258258e-002;-4.626327e-001;2.228689e+000;2.682120e-001;1.489723e+001;3.761201e-001;-1.166844e+001;-1.094864e+000;-2.201925e+001;-3.857574e-001;-3.669633e+001;-1.654168e-001;-7.671512e+000;1.659233e+001;2.612586e-002;-6.103391e-003;9.330566e-001;5;5.000000e+000;9.999999e-002;0;3.500000e-002;1.500000e-002;-1.265087e+001
'03a05Wa';2.880000;3.752066e+001;5.012609e-002;3.639221e+001;3.752066e+001;3.864912e+001;2.256916e+000;0;0;-1.880764e+000;0;1.386508e+000;4.623206e-001;7.845342e-001;1.447672e+000;1.872758e+000;1.088224e+000;1.450233e+001;0;5.311020e+000;2.981621e+001;8.848091e-001;8.584143e-001;-2.116437e+001;-8.382245e-001;-8.020036e+000;-9.975678e-001;6.284691e+000;9.266356e-001;-5.976577e+000;-2.239575e+000;1.658797e-002;0;2.611977e+000;8.485596e-001;2.582901e+000;4.280609e-001;2.711171e+001;2.126613e-001;1.675711e+001;1.433107e-001;8.842261e+002;2.766085e-001;1.011755e+003;3.458638e-001;-1.824015e+002;-2.181425e-001;1.609393e+003;8.887566e-002;1.299201e+003;1.742951e-001;-1.816652e+002;-2.273413e-001;2.636981e+003;2.022604e-002;8.823374e+002;1.622664e-001;-1.818270e+002;-2.251067e-001;2.658419e+000;4.943203e+000;5.454979e+000;2.580974e+000;4.468386e-002;1.084589e+000;1.114126e-002;2.530533e+000;1.836711e+000;8.261756e-001;-9.405317e+000;-1.510806e+000;-1.296761e+001;-1.044264e-001;3.647348e+000;3.244352e+000;-1.622987e+001;-1.232297e+000;1.624915e+001;-4.301864e+000;2.872366e-002;2.557034e-002;7.690742e-001;5;0;0;0;1.700000e-001;0;-1.943254e+001
'03a05Wa';3.040000;3.532812e+001;1.558156e-002;3.486618e+001;3.562475e+001;3.574376e+001;8.775826e-001;7.854462e+000;0;-3.103470e+001;0;1.071112e+000;6.546347e-001;2.654665e-001;1.095938e+000;1.808285e+000;1.542819e+000;2.791210e+001;0;6.680407e+000;1.864123e+001;6.764901e-001;6.362067e-001;2.748597e+000;7.258526e+000;-8.409268e+000;-1.266886e+000;2.338000e+001;5.185560e-001;1.414285e+000;4.747383e+000;4.808271e-002;5.662913e-001;2.481676e+000;4.539343e-001;5.143767e+000;4.643577e-001;2.485427e+001;1.599961e-001;1.905730e+001;2.133271e-001;8.558790e+002;2.779609e-001;1.013740e+003;2.140831e-001;-1.389258e+002;-5.572606e-001;1.975530e+003;1.155549e-001;1.045069e+003;1.166640e-001;-1.236962e+002;-6.874266e-001;2.808065e+003;5.101358e-002;1.145218e+003;2.825297e-001;-1.238569e+002;-6.883807e-001;-7.902426e-001;-1.160345e+001;9.003761e+000;1.179601e+000;5.076369e-002;8.071776e-001;1.701567e-002;6.405408e-001;7.104227e-001;4.721132e-001;2.950219e+000;4.917618e+000;-8.369211e+000;-5.730014e-001;2.350665e+001;2.528312e-001;8.649018e-001;3.283555e+000;1.198188e+000;9.004763e+000;2.140487e-002;1.474233e-002;6.529556e-001;5;5.000000e+000;7.000000e-002;0;5.000000e-002;3.000000e-002;-1.954432e+001
'03a05Wa';3.200000;0;0;0;0;0;0;0;0;0;0;2.498181e-001;9.091002e-001;6.691945e-002;1.159959e-001;5.183964e-001;4.514770e-001;5.767102e+000;3.505506e+000;6.387497e+000;2.718625e+000;7.774215e-002;8.114420e-001;5.303943e+000;1.552509e+000;-9.173694e+000;-1.212139e+000;1.908610e+000;3.749424e+000;3.121981e-001;1.595051e+001;0;0;0;0;0;0;0;0;0;0;0;0;0;0;-201;0;0;0;0;0;-201;0;0;0;0;0;-201;0;0;0;0;0;0;0;0;0;0;0;0;0;0;0;0;0;0;0;-1.301889e-001;1.576129e+001;1.290862e-002;2.005309e-002;7.757907e-002;5;0;0;0;1.900000e-001;0;-4.082172e+001
